	PDB	H1	H2	H3	L1	L2	L3
0	7bbj	GYTFTTYW	IYPGLSDT	ARLLDYAMDY	QDIRSY	YTS	QQGETLPWT
1	7bnv	GYSFTSYW	IYPGDSDT	ARHPSPYYYGSGSYSGGFDY	QSVSSSY	GAS	QQYDNWPLMHT
2	7daa	GFSLSDYA	IYASGST	ARYYAGSDI	QSISAY	DAS	QTYYAIITYGAA
3	7dk2	GFTFSSYW	IKQDASEK	ARDLGILWFGDYP	QGISNS	AAS	QQFYSTPRT
4	7e72	GYSFTSYW	IHPSDSET	ARGLYGNS	QDIGIS	ATS	LQYASSPYT
5	7f7e	GFTFSSYA	IVGSGGST	AKSLIYGHYDILTGAYYFDY	QGIGNW	AAS	QQANSFPP
6	7kez	GFNIKDTY	IYPTNGYT	ARGGAVAGTGVYYFDY	QDIPRSISGY	WGS	QQHYTTPPT
7	7kf0	GFNIKDTY	IYPTNGYT	ARGGSFYYYYMDV	QDIPRSISGY	WGS	QQHYTTPPT
8	7kf1	GFNIKDTY	IYPTNGYT	AKLGIGYYYYGMDV	QDIPRSISGY	WGS	QQHYTTPPT
9	7kql	GGSISSRSYY	IYYSGFT	ATGGPYGDYAHWFEP	QSVSSSY	GAS	QQYGSSPIT
10	7l7r	GFTFSSYV	IYRGGST	VKDPKAWLEPEW	QSISKY	AAS	QQSYSNPRT
11	7lr3	EFTFSDYG	ISSGSNSI	SREAYFAMDY	QDIHKY	YTS	LQYDNLYT
12	7lr4	DYSLSDYN	INPNHGTT	ASPIHYGNHVPFDY	QDISNY	FTS	QQGITLPWT
13	7mdj	GYTFTSDW	IIPSYGRA	ARERGDGYFDY	QSIGTD	YAS	QQSNRWPFT
14	7mrz	GGSISSSSYY	ISYSGST	ARDSLRYGMDV	QSVLYSSNNKNY	WAS	QQYALAPPRT
15	7msq	GGSISSYH	IYYSGNT	VREMRRGYSGYDYWDLYAFDI	QGISSY	AAS	QQLNSYPHT
16	7mzf	EFIVSRNY	IYSGGTT	ARDRGDYLFDY	QSISSW	KAS	QQYNSYFPT
17	7mzg	GLTVSSNY	FYPGGST	ARDAVYYGMDV	QSISSY	AAS	QESYSTPGLFT
18	7mzh	GYTFTGYY	INPNSGGT	ARSYYDY	SSNIGHNA	YDD	AAWDDILNGPV
19	7mzi	GFTFSRFA	ISGSGGST	AKVGWGAFDI	YSNIGSNP	AND	STWDDSLPGPL
20	7mzj	GFTFSYAW	IKRKSDGGTT	TTDLCRSTSCEHDAFDI	QSIRSY	AAS	QQSYTTPAIT
21	7mzk	GYTFTSYY	INPSGGGT	AKDRVTIFWGNGMDV	QSVLYSSNNKNY	WAS	HQYSTTPLT
22	7n4i	GYSFISYW	IYPGDSDT	ARLLYYSDSSPLDS	QSISTY	AAS	QQSHSTPRT
23	7n4j	GDSISSSDYS	IYYIKNT	ARERPPFDVVVVPAARPYNWFDP	SSNIGAGYD	GNN	QSYDSSLSGSKV
24	7np1	GITVSSNY	IYSGGST	ARGEGGSIVGVTSDY	QSISRY	AAS	QQSYSTLPYT
25	7nx3	GYAFSSYW	IYPGDGDT	ARSRGYFYGSTYDS	ESVDNYGISF	AAS	QQSKEVPWT
26	7phu	GYTFTDYY	INPNSGGT	ARDLWFGESPPYYGVDV	NIGSYS	YDS	QVWDTNTDHVV
27	7phw	GFDFSSYA	IRNDGSFT	TKSADDGGHYSDFSGEIDA	TYNY	YND	GNSDSRNVA
28	7pi7	GFNIKDTY	IDPANGNT	ARDVLYFDV	ESVDSYGNSF	RAS	QQSNEDRT
29	7pqy	ASGFTVSSNYMS	SVIYSGGSTYY	YCARDHVRPGMNIWG	CQASQDISNY	LLIYDAS	ATYYCQQYDNLPV
30	7pr0	GFTFSSYS	ISSSSSTI	ASPGGITAAGTSVLFGYYGMDV	QSLLHSNGYNY	LGS	MQALQTPITWT
31	7ps0	DGSISSSDYY	IYYTGST	ARLVVPSPKGSWFDP	SIDVGNYNL	EGS	CSYVGSSTYV
32	7ps1	GLTVRSNY	IYSGGST	ARDLVVYGMDV	QSVSSSS	GTS	QQYGSSPL
33	7ps2	GFTFSNYG	ISYEESNR	AKDQGPATVMVTAIRGAMDV	QSVLYSSNNKNY	WAS	QQYFGSPSIT
34	7ps4	GYSFTNYW	IYPGDSGT	ARSRVGATGGYYDYYMDV	SSNLGGNT	SNN	AAWDDSLNGPV
35	7ps6	GGSITSSNHY	MYYSGST	ARQIGPKRPSQVADWFDP	QGISSY	AAS	QQLNSYPLT
36	7q0g	GGTFSSSV	IIPLFGSA	AKVSQWALILF	QSVSSSY	GAS	QQYGTSPSWT
37	7q0i	GFTFSSYG	IWYDGSNN	ARSYCSGGFCFGYYYGLDV	NIGTKS	YNS	QVWDSGSDHYV
38	7qnw	GDSISSSRYY	FYYSGIT	ARPRPPDYYDNSGALLFDI	QSISAW	KAS	QQYISSSPWT
39	7qny	GFTFDDYA	VSWNSGTI	AREVGGTFGVLISREGGLDY	TIGSKS	DDS	QVWDSSSDRVV
40	7qu1	GYAFGSHW	IYPGDGDT	ARDDYGTRYYFDY	QDINNY	YTS	QQGKTLPLT
41	7qu2	GFTFSNYQ	ITVKSDNYGA	SRSGIYDGYYAYAMDY	QIVGTS	WAS	QQYATYPLT
42	7rfb	GGTVNT	IFPLLGVP	AKDGVGWSGHGPSQWSGVDV	QSLLHSTGYNY	LGS	MQALEIPRLT
43	7s0b	GFTFSSYA	ISGSGGST	ARDLWGSGFFAFDV	QDISNY	DAS	QQDAGTPLT
44	7s11	GLSLTTNS	IWSNGGT	ARNFPYPGINFD	TGAVTTSNY	GTS	SLWYSGHLI
45	7s13	GLSLTNNI	IWSNGGT	ASRDYPGFAY	ELPKRY	EDS	LSTYSDDKLPI
46	7seg	GYTFTSYY	IEPMYGST	ARGSAYYYDFADY	NIGSKN	QDN	QVWDNYSVL
47	7sem	GFTFSSYS	ISASSSYS	ARARATGYSSITPYFDI	SSNIGAGYD	DNN	QSYDRSLSGV
48	7shu	GYNITSGYS	VTYDGST	AKGNNYFGHWHFAV	KSVDSDGDSY	AAS	QQSHEDPYT
49	7shz	GYSITSGYS	IKYSGET	ARGSHYFGHWHFAV	KPVDGEGDSY	AAS	QQSHEDPYT
50	7si0	GYSITSGYS	VTYDGST	ARGSHYFGHWHFAV	QSVDSDGDSY	AAS	QQSHEDPYT
51	7so9	ASGFTFNSYGMH	AFIRYDGGNKYY	YCANLKDSRYSGSYYDYWG	CQASQDIRFY	LLISDAS	ATYYCQQYDNLPF
52	7stz	VSGFSLSRYGVH	GMMWGGGNTDY	YCASSNYVLGYAMDYWG	CKSSQSLLNSSNQKNY	LLIYFTS	ADYFCQQHYRTPH
53	7vux	GFAFSSYD	ISGGGRYT	ASPYGGYFDV	QSISNF	YAS	QQSNSWPHT
